2,16,2.22KM,00:12:00
2,16,2.22KM,00:12:00
2,16,2.22KM,00:12:00
2,16,2.22KM,00:12:00
2,16,2.22KM,00:12:00
2,16,2.22KM,00:12:00
2,16,2.22KM,00:12:00
2,16,2.22KM,00:12:00
2,16,2.22KM,00:12:00
2,16,2.22KM,00:12:00
2,16,2.22KM,00:12:00
2,16,2.22KM,00:12:00
2,16,2.22KM,00:12:00
2,16,2.22KM,00:12:00
2,16,2.22KM,00:12:00
2,16,2.22KM,00:12:00
2,16,2.22KM,00:12:00
2,16,2.22KM,00:12:00
2,16,2.22KM,00:12:00
2,16,2.22KM,00:12:00
2,16,2.22KM,00:12:00
2,16,2.22KM,00:12:00
2,16,2.22KM,00:12:00
2,16,2.22KM,00:12:00
2,16,2.22KM,00:12:00
2,16,2.22KM,00:12:00
2,16,2.22KM,00:12:00
2,16,2.22KM,00:12:00
2,16,2.22KM,00:12:00
