2,2,40LB,"2:30, 1:15, 2:20, 8:30"
2,2,40LB,"2:30, 1:15, 2:20, 8:30"
2,2,40LB,"2:30, 1:15, 2:20, 8:30"
2,2,40LB,"2:30, 1:15, 2:20, 8:30"
2,2,40LB,"2:30, 1:15, 2:20, 8:30"
2,2,40LB,"2:30, 1:15, 2:20, 8:30"
2,2,40LB,"2:30, 1:15, 2:20, 8:30"
2,2,40LB,"2:30, 1:15, 2:20, 8:30"
2,2,40LB,"2:30, 1:15, 2:20, 8:30"
2,2,40LB,"2:30, 1:15, 2:20, 8:30"
2,2,40LB,"2:30, 1:15, 2:20, 8:30"
2,2,40LB,"2:30, 1:15, 2:20, 8:30"
2,2,40LB,"2:30, 1:15, 2:20, 8:30"
2,2,40LB,"2:30, 1:15, 2:20, 8:30"
2,2,40LB,"2:30, 1:15, 2:20, 8:30"
2,2,40LB,"2:30, 1:15, 2:20, 8:30"
2,2,40LB,"2:30, 1:15, 2:20, 8:30"
2,2,40LB,"2:30, 1:15, 2:20, 8:30"
2,2,40LB,"2:30, 1:15, 2:20, 8:30"
2,2,40LB,"2:30, 1:15, 2:20, 8:30"
2,2,40LB,"2:30, 1:15, 2:20, 8:30"
2,2,40LB,"2:30, 1:15, 2:20, 8:30"
2,2,40LB,"2:30, 1:15, 2:20, 8:30"
2,2,40LB,"2:30, 1:15, 2:20, 8:30"
2,2,40LB,"2:30, 1:15, 2:20, 8:30"
2,2,40LB,"2:30, 1:15, 2:20, 8:30"
2,2,40LB,"2:30, 1:15, 2:20, 8:30"
2,2,40LB,"2:30, 1:15, 2:20, 8:30"
2,2,40LB,"2:30, 1:15, 2:20, 8:30"
2,2,40LB,"2:30, 1:15, 2:20, 8:30"
2,2,40LB,"2:30, 1:15, 2:20, 8:30"
2,2,40LB,"2:30, 1:15, 2:20, 8:30"
2,2,40LB,"2:30, 1:15, 2:20, 8:30"
2,2,40LB,"2:30, 1:15, 2:20, 8:30"
2,2,40LB,"2:30, 1:15, 2:20, 8:30"
2,2,40LB,"2:30, 1:15, 2:20, 8:30"
2,2,40LB,"2:30, 1:15, 2:20, 8:30"
2,2,40LB,"2:30, 1:15, 2:20, 8:30"
2,2,40LB,"2:30, 1:15, 2:20, 8:30"
2,2,40LB,"2:30, 1:15, 2:20, 8:30"
2,2,40LB,"2:30, 1:15, 2:20, 8:30"
2,2,40LB,"2:30, 1:15, 2:20, 8:30"
2,2,40LB,"2:30, 1:15, 2:20, 8:30"
2,2,40LB,"2:30, 1:15, 2:20, 8:30"
2,2,40LB,"2:30, 1:15, 2:20, 8:30"
